	0	
16737	 'Das Motiv für seine Messerattacke und die Prügelei sei Eifersucht und verletzter Stolz gewesen.	tatmotiv
8977	['Zu Beginn der Pandemie sind viele Experten davon ausgegangen, dass im Zusammenhang mit dem Lockdown und den Kontaktbeschränkungen die Zahl von häuslichen Gewalttaten steigen werden. In Mecklenburg-Vorpommern gibt es keinen eindeutigen Trend.	statistik 
13576	 'muk']	NA
6797	 '15.35 Uhr – Die iranische Regierung hat ihre Lockerung der Maßnahmen gegen eine Ausbreitung des Virus verteidigt. Ein Regierungssprecher sagte, man könne nicht alles monatelang lahmlegen. Präsident Hassan Ruhani hatte am Sonntag eine leichte Lockerung der strengen Vorschriften bekanntgegeben. Im Iran gibt es nach Angaben des Gesundheitsministeriums mehr als 3700 Tote und über 60 000 Infizierte. Gleichzeitig legte die Krise 70 Prozent der Wirtschaft lahm.	non-DA
10935	['Polizeioberrat Gregor Eisenmann übernimmt die Leitung der Wachen in Opladen und Wiesdorf	announcement
16197	 'Durchgeführt wird das Symposium von Stefanie Tremmel vom Frauenhaus des Landkreises Erding, Silke Poller, Beauftragte der Polizei für Kriminalitätsopfer, und Marietta Wolf, Gleichstellungsbeauftragte für den Landkreis Erding. Anmeldungen für das Symposium von Fachkräften nimmt das BRK noch bis Mittwoch, 2. Mai, unter av@kverding.brk.de. Rückfragen zum genauen Inhalt sind unter 08122/ 97620 möglich. Interessenten für die Podiumsdiskussion sind willkommen.']	announcement
4653	 'Die beiden Ausländer wurden ebenso wegen Gewalt an ihren Frauen belangt.	
52	" '""Der essenziellste Baustein, um der virtuellen Gewalt entgegenzuwirken, ist die Sensibilisierung in möglichst vielen Bereichen"", sagt Hoyer-Neuhold. Darüber hinaus müssten Unternehmen, Politik und die Gesellschaft viel schärfer gegen virtuelle Übergriffe auftreten. Wenn die Gesellschaft es nicht schaffe, sich öffentlich gegen Cybergewalt zu stellen, sei das ein problematisches Zeichen. Etwa wenn Übergriffe als ""nicht so schlimm"" abgetan werden oder Betroffene mit Aussagen wie ""Es war ja nur auf Facebook"" konfrontiert werden. ""Es braucht in vielen Bereichen mehr Bewusstsein dafür, wie sehr das wehtun kann und dass diese Gewalt real ist, auch wenn es keine körperliche Gewalt ist"", betont das Forschungsteam."	policy advocacy
6759	" '""Für viele Frauen und Mädchen ist die Bedrohung dort am größten, wo sie am sichersten sein sollten. In ihrem eigenen Zuhause"", sagte Guterres. Wegen der Ausbreitung des Coronavirus gelten rund um den Globus Ausgangsbeschränkungen, verbringen also Paare und Familien deutlich mehr Zeit zuhause miteinander als zu normalen Zeiten."	positive quote
12680	 'Die Nachfrage nach Beratungen und Kindertherapien ist gestiegen. Wir nehmen wahr, dass die Wartezeiten länger werden. Viele Eltern und Kinder bekommen gar keine Angebote oder nur mit starker zeitlicher Verzögerung. Das macht uns Sorgen.	policy advocacy
21306	" 'Hilfseinrichtungen und Beratungszentren warnen außerdem davor, dass es in den nächsten Wochen zu deutlich mehr Gewalt zwischen Erwachsenen kommen könnte: Mehr Menschen arbeiten von zu Hause; wegen der wirtschaftlichen Auswirkungen des Coronavirus sind andere entweder von Arbeitslosigkeit bedroht oder bereits entlassen. All das steigert zu Hause den Stress."	policy advocacy
19372	 'Nun ist es so, als habe die Popsängerin mit ihrer Offenheit und ihrer Prominenz eine Art Welle ausgelöst. Die Familienministerin rief an und versicherte Sıla, sie stehe an ihrer Seite. In den sozialen Netzwerken dankten ihr bekannte und unbekannte Türkinnen für „beispielhaften Mut“. Eine Frau drohte einer Bank mit einem Aufruf zum Kontenboykott, weil der Schauspieler Kural dort Werbung macht. Die Bank gab wegen ihrer „ethischen Grundsätze“ jetzt die Trennung von ihrem bisherigen Imageträger bekannt.	
11325	 'Die Verstöße wurden im Einzelnen von 36\xa0837 Erwachsenen, 11\xa0404 Jugendlichen und 2346 Kindern begangen. „Die meisten Menschen verhalten sich vorbildlich und diszipliniert. Trotz des Verbots gibt es aber einige, die sich nicht an die Regeln halten. Der Drang nach frischer Luft ist nachvollziehbar, aber Corona ist noch nicht vorbei“, erklärte Reul. „Es müssen nicht alle auf einem Knubbel hocken.“ Verstöße gab es vor allem an den sonnigen Ostertagen und an den vergangenen Wochenenden in den großen Städten. Unter anderem musste die Polizei in Düsseldorf und Köln mehrfach den örtlichen Behörden helfen, als unter anderem Teile der Düsseldorfer Altstadt geräumt wurden. „So viel Verständnis ich für Geselligkeit an warmen Sommerabenden habe - das geht im Moment nicht so, wie wir das gewohnt sind“, so Reul: „Corona ist noch nicht vorbei.“	non-DA
11658	 'Hafner: Männer sagen oft, dass sie keine schlechten Väter sind. Sie verstehen nicht, dass sie natürlich indirekt Gewalt gegen die Kinder ausüben, wenn sie die Mutter vor den Kindern ohne Respekt behandeln. Es geht doch auch um psychische Gewalt, das ist ein sehr wichtiger Punkt. Und weil das eben oft auch von Jugendämtern und Familiengerichten so gesehen wird, dass der Mann die Kinder ja nicht geschlagen hat, wird dann übersehen, welche schwerwiegenden psychischen Folgen das haben kann. Wir haben jetzt ein Modell erarbeitet, wie man dem begegnet. Es setzt eine enge Zusammenarbeit mit dem Jugendamt, Familiengericht, Frauenberatung und der Hilfe für die Kinder voraus. Das ist aufwendig. Aber es würde sich lohnen.	positive quote
3108	 'Das Training ist kostenfrei. Die Plätze sind begrenzt. Anmeldungen nehmen die Jugendzentren Tonne und Rhen verbindlich bis zum 17. November entgegen. (kn)	announcement
2645	" ""Der ehemalige Starspieler von Manchester United muss sich am 28. April vor dem Magistrates 'Court in Manchester und Salford verantworten, sagte ein Sprecher des Crown Prosecution Service."", 'Der 47-Jährige war Anfang November vorübergehend festgenommen und anschließend auf Kaution freigelassen worden. Giggs hatte den Vorwurf bestritten, eine Frau leicht verletzt zu haben. Durch das laufende Verfahren der häuslichen Gewalt hatte Giggs die letzten drei Länderspiele 2020 und die ersten drei WM-Qualifikationsspiele seines Teams im März verpasst."	episodic frame, focus on perp
1147	" 'Auch im Kreis Euskirchen gehört Gewalt in Familien zum traurigen Alltag: Jährlich suchen mehr als 100 Frauen bei der Frauenberatungsstelle Hilfe, weil sie von häuslicher Gewalt betroffen sind. Mitbetroffen von Gewalt in der Familie sind stets auch die Kinder. Darüber hinaus finden jedes Jahr rund 70 Frauen und Mädchen den Weg in die Beratungsstelle, weil sie aktuell oder in der Vergangenheit sexuelle Gewalt erlebt haben. ""2021 war die jüngste Klientin 13 Jahre, die älteste Hilfesuchende fast 70 Jahre alt"", heißt es aus der Beratungsstelle des Vereins ""Frauen helfen Frauen""."	statistik 
18226	" 'Kaya weiter: ""Oft werden auch bedrohte Frauen, die zur Polizei oder Staatsanwaltschaft gehen, nicht ausreichend geschützt."" Regelmäßig berichten die Medien über Frauen, denen zuerst Hilfe versagt wurde und die dann zum Teil brutal von ihren Männern ermordet wurden."	policy advocacy
8020	 'Juli gelingt wenigstens geografisch der Ausbruch aus dem heimatlichen Gefängnis. 2014 lebt sie in Berlin, studiert Mathematik und verdient nebenbei ihr Geld als Profigamerin. Selbsthass und die Unfähigkeit, über ihr traumatisches Aufwachsen zu sprechen, torpedieren ihr Glück mit der faszinierenden Sanyu, treiben Juli Richtung Alkohol und Drogen und schließlich in Thilos Arme.	
15590	 'Laut Wray übermittelte das FBI dem Weißen Haus im März einen vorläufigen Sicherheitsbericht über Porter und dann im Juli einen vollständigen Bericht. Ein weiterer Bericht über Porter sei im November gefolgt, bevor das FBI dann im Januar dessen Überprüfung abgeschlossen habe.	
4226	"['Zu ""Du kannst mich nicht verlassen, du findest doch keine Wohnung"" vom 4. September:"	
20734	 'Wo Gewalt beginnt, müsse jeder selbst definieren, sagte Arno Helfrich vom Polizeireferat Opferschutz und Prävention. Laut Studien sei jede vierte Frau von häuslicher Gewalt betroffen, die Dunkelziffer sei hoch, denn in der Familie werde oft geschwiegen. Auch junge Leute und Lehrer seien von Beleidigungen über die sozialen Medien betroffen. Helfrich riet Eltern, mit ihren Kindern über den Umgang mit sozialen Medien zu reden. Verbotene Inhalte sollten nie verschickt werden, es drohen drastische Konsequenzen auch für Mitwisser, die die Inhalte nicht sofort löschen und sich nicht an die Polizei wenden. „Oft verstehen die Betroffenen die juristische Tragweite gar nicht, weil sie damit nicht umgehen können.“ Die auf Opferschutz spezialisierte Strafverteidigerin Brandes riet, nie allzu private Dinge wie Nacktfotos über soziale Medien preiszugeben: „Das Internet vergisst nichts“, sagte sie. Auch Nicky Alexander Cebulla vom Weißen Ring Bayern-Süd berichtete vom Cybermobbing, das vor allem Schüler und Lehrer betreffe.	statistik, positive quote
8423	 '\nKlicken Sie, um das Bild zu sehen Von Steffi Balzar, Windhoek/Swakopmund/Walvis Bay	reference to picture or link
9773	 'Jahrelang schaffte es Alex nicht, aus den Ketten der häuslichen Gewalt loszubrechen. Er liebte sie und wollte nicht, dass seine „Kinder ihre Gewalt zu spüren bekamen und stand deshalb als Jordans Zielscheibe bereit. Ich hatte Angst sie zu verlassen wegen der Kinder“.	sensationalist language
11937	 'Warum, glauben Sie, war das so?	
6550	 'Johannes-Wilhelm Rörig ist Beauftragter für Fragen des sexuellen Kindesmissbrauchs	announcement
12813	 'Am Mittwoch hatte ein spanisches Gericht die Vollstreckung einer sechsmonatigen Haftstrafe gegen Hernandez angeordnet. Der 25-Jährige war im Dezember 2019 wegen Verstoßes gegen ein Annäherungs- und Kontaktverbot gegenüber seiner früheren Freundin verurteilt worden, mit der er inzwischen nach der Versöhnung verheiratet ist.	episodic frame 
7094	 'mkü/ck']	NA
15720	 'Mehr Sicherheit: Die grösste Gefahr für Frauen lauert nicht im Wald oder in einer Unterführung, sondern zu Hause - in den eigenen vier Wänden. Von den 25 Frauen, die 2016 in unserem Land getötet wurden, sind 18 durch häusliche Gewalt gestorben. Und jeden Tag rückt die Polizei mehrmals aus, weil ein Mann daheim zuschlägt.	statistik 
15971	 'Im ganzen Landkreis Osterholz gab es im letzten Jahr 131 angezeigte Fälle von häuslicher Gewalt, fünf weniger als 2016 und 15 weniger als 2015, weiß Polizist Helge Cassens. Laut einem Bericht des Bundeskriminalamts werden jährlich über 100 000 Frauen Opfer von Partnerschaftsgewalt. Jede vierte Frau ist einmal in ihrem Leben davon betroffen, das bestätigt das Bundesfamilienministerium. Dazu gehören Tritte, Schläge oder unfreiwillige sexuelle Handlungen genauso wie Nötigung, Beleidigung oder Demütigung. Oft ist ein unbedeutender Anlass Auslöser der Gewalt, der nach langjährigen Beziehungsproblemen das Fass zum Überlaufen bringt.	statistik 
17145	 'Die Essensprüfung steht an: Janina und Peter essen Warzenschwein-Hoden	non-DA
22905	" '""Um den Kontakt nicht zu verlieren, haben wir die Männer auch proaktiv angerufen und gefragt, wie es geht"", sagt Schantz. Dabei sei von mehr Stress und einer zugespitzten Situation berichtet worden. Erhöht habe sich die Nachfrage nach Beratung 2020 nicht. Ob sich Betroffene wegen Corona nicht gemeldet haben oder tatsächlich kein größerer Bedarf bestand, werde sich vermutlich erst langfristig zeigen, sagt der Psychologe."	forschung
11304	 'Norderstedt Insbesondere zu Beginn der Corona-Pandemie haben Paare viel Zeit miteinander auf engstem Raum verbracht. Einige plagten Zukunftsängste, andere überforderte die durchgehende Betreuung ihrer Kinder. Konflikte ließen sich kaum vermeiden. Zufluchtsorte fehlten. „Schon für gesunde, harmonische Familien stellte die Situation eine Herausforderung dar“, sagt Britta Lüdeke-Kaufholz, Fachberaterin der Frauenfachberatungsstelle in Norderstedt. Wie befürchtet, stieg in der Corona-Krise die häusliche Gewalt gegenüber Frauen an.	positive quote
14857	 'Maria führt derzeit Gespräche mit ihrem Anwalt. Da der junge Mann im Ausland lebt, dürfte das Verfahren kompliziert werden.	
22601	 'Ein „Familiendrama“ kaschiert schlicht den Mord	sensationalist language
17911	 'Von Shirin Sojitrawalla	
4343	 'Fachleute sind mit diesen Bezeichnungen eher unglücklich – auch wenn, wie häufig, Worte wie „Beziehungsdrama“ oder „Familientragödie“ in Zeitungstexten oder Polizeimeldungen stehen.	positive quote, sensationalist language
14058	 'Riquna Williams ist in der amerikanischen Frauenbasketball-Liga (WNBA) ein Star. Die 29-jährige Aufbauspielerin spielt bei den Los Angeles Sparks, dem Schwesterteam der LA Lakers , und zählt dort zu den Leistungsträgerinnen. Williams gelangen in einem Spiel einmal sagenhafte 51 Punkte, der Rekord hatte lange Bestand, bis er im vergangenen Jahr von der Australierin Liz Cambage übertroffen wurde.	non-DA
6880	 'Auch eine direkte finanzielle Hilfe ist möglich, so finanziert der Weiße Ring unter Umständen auch einen Ferienaufenthalt für Opfer und ihre nächsten Angehörigen. Auch eine Prozessbegleitung wird angeboten.	DA support services
20488	 'TSOKOS: Über 90 Prozent sind im Moment schwere Fälle. Die kommen über die Polizei.	statistik 
1493	 'Die Frauenhäuser hätten Frauen und Mädchen zu ihren Familien zurückschicken müssen, andere Opfer seien von ihren Familienmitgliedern gewaltsam weggebracht worden, heisst es in dem Bericht weiter. Wieder andere seien seither auf der Strasse gelandet. AI habe zudem glaubwürdige Berichte erhalten, Taliban hätten betroffene Frauen in Gefängnisse gebracht.	forschung
2710	 'Dr. Altstötter-Gleich und Jacqueline Waldhauser, Leiterin des Frauenhauses, sprachen OB, Landrätin und Landrat im Namen des Vorstandes, der Mitarbeiterinnen und vor allem der Frauen und Kinder ihren ausdrücklichen Dank aus. Dass die Sanierungsmaßnahme nun realisiert werden könne, stelle eine große Erleichterung für die Bewohnerinnen dar, so Altstötter-Gleich und Waldhauser. Gerade für Frauen mit kleinen Kindern sei die Benutzung der alten Bäder sehr beschwerlich gewesen. So habe es unter anderem bislang keine Wickelkommode gegeben. Im Zuge der Arbeiten wird auch die Warmwasserversorgung von Gasthermen auf eine zentrale, an die Heizung angeschlossene Lösung umgestellt. „Für die Kinder im Haus besteht somit keine Gefahr mehr durch offene Flammen“, betonen Altstötter-Gleich und Waldhauser.	announcement
16096	 'Teilweise ja. Klinikmitarbeiter erzählen uns, dass es an der Tür der Station klingelt, und das Erste, was sie wahrnehmen, wenn sie öffnen, ist ein Faustschlag. Diese Art der Gewalt nimmt rapide zu.	
6394	 'Um es schlicht zu sagen: Sie sind zu Hause eingesperrt …	
11960	 '„Zur umfassenden und erfolgreichen Bekämpfung häuslicher Gewalt müssen sich die Angebote an alle von Gewalt betroffenen beziehungsweise involvierten Zielgruppen richten. Hierzu gehören unter anderem auch Beratungsangebote für Männer, die häusliche Gewalt ausüben sowie für Männer, die Opfer von Gewalt sind“, antwortete das Ministerium auf die Kleine Anfrage des früheren AfD- und mittlerweile fraktionslosen Abgeordneten Rolf Kahnt.	positive quote
20169	 'Wieder das Erschrecken über einen selbst, diese luxuriöse Melancholie. Die Pflegerinnen und Pfleger im Altenheim der Mutter würden bestimmt gerne kalte Füße kriegen und sich mit Konzentrationsschwächen herumschlagen. Sie tragen Mundschutz von morgens bis abends, trösten bei Depression und Demenz, organisieren Balkonkonzerte für die Bewohner, haben Tablets angeschafft. Manchmal sehe ich meine Mutter jetzt im Videochat.	non-DA
7335	 'Vergangene Woche habe man eine Steigerung von 17,5 Prozent im Vergleich zu zwei Wochen zuvor verzeichnet, sagte eine Sprecherin von Familienministerin Franziska Giffey (SPD) der Deutschen Presse-Agentur. Bis dahin sei die Entwicklung der Beratungskontakte vergleichbar zum Vorjahr 2019 verlaufen - also ohne Auffälligkeiten. Ein Trend sei feststellbar. Giffey hatte Anfang der Woche die gestiegene Nachfrage in Zusammenhang mit der Corona-Krise gestellt, Familien stünden auf engem Raum unter besonderem Stress.	statistik 
8937	" '""Million Militia March"""	
9401	 'So ermöglicht beispielsweise das telemedizinische Portal Remed-Online, Bilder einzuschicken, die die Verletzungen durch häusliche Gewalt bei Kindern dokumentieren. Gerade in kleinen Krankenhäusern und in Hausarztpraxen auf dem Land herrscht ein großer Bedarf an rechtsmedizinischer Expertise.	DA support services
2270	['Häusliche Gewalt nimmt seit der Pandemie zu – wie Betroffene im Lockdown auf ihre Situation aufmerksam machen können.	title?
1603	 'Im Gutachten wurde eine Umplatzierung des Kindes gar nicht empfohlen. Wieso entscheidet das Gericht trotzdem so?	title?
6667	 'Frauenhäuser erwarten verstärkten Zulauf	title?
3806	 'Während die Frau die Formalitäten mit den Beamten klärte, sprang Polizist Robert Lofgran kurzerhand als Babysitter ein.	
21848	['\nEuroparats-Generalsekretärin Marija Pej_inovi_ Buri_ hat eindringlich vor einem Anstieg häuslicher Gewalt während der Ausgangsbeschränkungen aufgrund des Coronavirus gewarnt. Berichte aus den Mitgliedsländern der vergangenen Wochen hätten bereits gezeigt, dass Kinder und Frauen nun in den eigenen vier Wänden einem höheren Missbrauchsrisiko ausgesetzt seien, sagte Pej_inovi_ Buri_ der Deutschen Presse-Agentur. Neben dem erhöhten Gewaltrisiko könnten die Auswirkungen der Coronavirus-Krise Frauen auch wirtschaftlich hart treffen und deren finanzielle Unabhängigkeit bedrohen, erklärte Pej_inovi_ Buri_.	positive quote, forschung
4489	 'Die französisch-japanische Bündnis war nach dem Rücktritt und der Verhaftung Ghosns, dem unter anderem angebliche Verstöße gegen Börsenauflagen in Japan vorgeworfen wurden, destabilisiert worden und in eine schwere Krise geraten. Im Juni war zudem ein milliardenschwerer Fusionsversuch von Renault mit dem italienisch-amerikanischen Autobauer Fiat Chrysler geplatzt.']	
20752	 'Sichtbar und sicher?	title?
4707	 'Wie gehen Sie damit um, wenn Sie eine bestimmte Rolle eigentlich gar nicht spielen wollen, weil Sie sie etwa veraltet und sexistisch finden?	
17689	" 'Köln (SID) - Die ATP hat in der andauernden Untersuchung gegen Alexander Zverev wegen des Vorwurfs häuslicher Gewalt eine ""unabhängige dritte Partei mit Expertise auf diesem Gebiet"" hinzugezogen. Dies bestätigte Andrea Gaudenzi, Chef der Spielerorganisation, in einem Spox-Interview. Zum Stand der Ermittlung könne er keinen Kommentar abgeben, sagte Gaudenzi: ""Aber ich kann sagen, dass wir mehr Informationen zur Verfügung stellen werden, wenn die Untersuchung abgeschlossen ist."""	episodic frame 
22882	" 'Anwältin Köksal hofft auf mehr Hilfe vom Staat: ""Vor allem müsste die Polizei als erster Ansprechpartner mehr Befugnisse bekommen, um früher eingreifen zu können. Aber es herrscht immer noch die Mentalität, dass Gewalt in der Familie eine häusliche Angelegenheit, also Privatsache ist."""	policy advocacy, positive quote
1554	 'Heißt das, die Forschung und die Hilfeeinrichtungen müssten enger kooperieren?	
21340	 'Denn tatsächlich braucht jede politische Maßnahme erst einige Weile, bis sie sich in den Statistiken niederschlägt. Die Menschen, die jetzt gerade in Deutschland am Coronavirus sterben oder auch nur positiv getestet werden, haben sich meist schon infiziert, bevor die ersten Einschränkungen des öffentlichen Lebens erlassen wurden. Doch Bilder wie die vom Münchner Isarufer, wo sich immer noch Menschen zum Feiern und Sonnenbaden zusammenfanden, setzen die Politik unter Druck. Auch der deutsche Föderalismus sorgt hier für eine besondere Dynamik: Wenn ein Land vorprescht, drängt das die anderen Länder dazu, nachzuziehen. Keine Landesregierung, kein Ministerpräsident will sich dem Vorwurf aussetzen, zu wenig zu tun.	non-DA
20649	 'Das Berner Verwaltungsgericht lehnte eine Beschwerde der Filippina gegen einen negativen Entscheid der Berner Kantonsbehörden ab, wie aus einem am Montag publizierten Urteil hervorgeht. Die heute 48-jährige Frau war im Mai 2014 von der Kesb des Bezirks Dielsdorf verdeckt in einer Mutter-Kind-Einrichtung im Kanton Bern untergebracht worden.	
14805	 'Eine Zunahme von 23 Prozent auf 525 Fälle registrierte die Polizei bei Taten wegen der sexuellen Orientierung von Opfern. Unklar ist laut Innensenatorin Spranger aber, ob es tatsächlich mehr Taten gibt oder ob die Betroffenen sich häufiger bei der Polizei melden. Die Zahl der Gewaltdelikte gegen Menschen wegen ihrer sexuellen Identität stieg um 20 Prozent auf 130 Fälle.	statistik 
19726	 'Katharina Logge-Böhm Kreisbeauftragte für die Arbeit mit Kindern und Familien beim evangelischen Kirchenkreis Prignitz	announcement
11143	 'Während die einen die Entschleunigung des Lockdowns preisen, war die zwangsverordnete Zeit auf beengtem Raum für andere der pure Horror. Laut einer ersten großen repräsentativen Umfrage zu häuslicher Gewalt während der Corona-Pandemie, einem Projekt der Technischen Universität München und des Rechtswissenschaftlichen Leibniz-Instituts für Wirtschaftsforschung, wurden 10,5 Prozent der Kinder in der häuslichen Quarantäne in Deutschland Opfer von körperlicher Gewalt. Jugendzentren wurden coronabedingt geschlossen, Erstanlaufstellen waren unterbesetzt. Für Opfer war es deutlich schwerer, Hilfsangebote wahrzunehmen. Alle folgenden Angebote sind kostenlos und können anonym wahrgenommen werden.	forschung
2141	 'Insgesamt sank die Zahl der registrierten Straftaten im Land 2020 um etwa 2 Prozent im Vergleich zum Vorjahr auf 497 158 Fälle. Schon 2018 und 2019 gab es historische Tiefstände. Pistorius betonte aber, angesichts der Corona-Pandemie seien die Zahlen nur schwer mit denen des Vorjahres vergleichbar, vor allem bei den Wohnungseinbrüchen habe es noch einmal einen deutlichen Rückgang gegeben.	statistik 
8952	 'Foto: Reuters / Joshua Roberts	reference to picture or link
21284	 'Umgesetzt würden diese Empfehlungen im 2. Autonomen Frauenhaus Berlins. Das sagt eine Mitarbeitern am Telefon, die aus Sicherheitsgründen ihren Namen ebenfalls nicht in der Zeitung lesen will. Doch was passiert, wenn sich eine Bewohnerin wirklich mit dem Coronavirus ansteckt? „Dann gibt es einen Pandemie-Plan“, sagt die Mitarbeiterin. Die betroffene Person würde isoliert ins Krankenhaus gebracht werden und das gesamte Frauenhaus stünde fortan unter Quarantäne.	DA support services
11897	 'Ökumenische Erziehungsberatungsstelle. Öffnungszeiten: Montag bis Donnerstag von 8 bis 16 Uhr und Freitag von 8 bis 12.30 Uhr. Telefonisch erreichbar unter 08041/ 79 31 61 30, E-Mail: eb-toelz@caritasmuenchen.de, Informationen unter , Bad Tölz, Caritaszentrum, Klosterweg 2.	general support services
17454	 'Claudia Meyer sagt, gerade in der jetzigen Pandemie könne gar nicht häufig genug auf Hilfeangebote hingewiesen werden. Und das in jeder Form: „Aktuell finden sich wieder unsere Plakate ‚Gegen Gewalt gibt es Lösungen‘ an vielen Bushaltestellen überall in der Stadt. Möglich machen dies erneut die Stadtwerke Norderstedt. Durch die grafische Darstellung auf den Plakaten ist die Information auch zugänglich für Menschen, die nicht lesen können oder die kein Deutsch sprechen“. abm	policy advocacy
3733	['Der Herbst hat noch einen Rest Sonne, als sich Shmsi A.s Befürchtungen bewahrheiten. 30. Oktober, Hochneukirch, ein ländlicher Ortsteil der Gemeinde Jüchen. Gegen 18 Uhr, es ist schon fast dunkel, soll ihr Mann Haydar A. mit einem Messer auf die Straße gegangen und auf Shmsi A. gewartet haben. Diese war gerade auf dem Weg von ihrer Anwältin zu ihrer Wohnung. Haydar A. und Shmsi A. sind verheiratet, sie waren vor drei Jahren zusammen aus Afghanistan nach Deutschland geflohen. Die 29-Jährige aber verließ ihren Mann vor rund zwölf Monaten - mit den zwei gemeinsamen Kindern, zehn und elf Jahre alt.	episodic frame 
4159	 'Das kantonale Gewaltschutzgesetz erlaubt es der Polizei, die gefährdende Person aus der Wohnung oder dem Haus zu weisen. Sie kann ihr verbieten, ein bestimmtes Gebiet zu betreten oder mit der betroffenen Person Kontakt aufzunehmen. Durchschnittlich bei jedem fünften Einsatz der Polizei wird eine oder mehrere dieser Massnahmen ergriffen. In der Regel handelt es sich um Kontakt- und Rayonverbote.	police/legal measures
13764	 'Derzeit können sich Betroffene an die städtischen Kliniken Links der Weser, Mitte und Bremen Nord wenden, dort werden die gesicherten Spuren mit einer Chiffre-Nummer versehen und nach zehn Jahren vernichtet. „Das klappt nach unserer Einschätzung gut“, sagt Schenk.	DA support services
21215	 'Wegweisungen gelten nur zwei Wochen	police/legal measures
14326	" 'Der Maßnahmekatalog umfasst acht Punkte. Neben der Aufstockung des Personals und der Schaffung barrierefreier Zugänge zu Beratungsbüros und Unterkünften für Frauen und Kinder gehört dazu auch die Forderung nach einer ""leistungsgerechten Vergütung"". Wie Ricarda Menzlin von der Interventionsstelle gegen häusliche Gewalt und Stalking in Wolgast sagte, wurden die Fördermittel zehn Jahre lang nicht aufgestockt. Das habe Lohnsteigerungen in der Vergangenheit weitgehend unmöglich gemacht. ""Inzwischen liegen die Gehälter der Beratungsmitarbeiter 30 bis 40 Prozent unter dem Einkommen bei vergleichbaren Stellen im öffentlichen Dienst"", sagte sie."	policy advocacy
6871	 'Das bedeute jedoch nicht, dass es aktuell zu keinen Gewalthandlungen innerhalb der Familien komme. Im Gegenteil. Kleinig: „Die Gewalt geschieht jetzt – sichtbar wird sie aber erst, wenn die Kontaktsperren aufgehoben sind.“ Das würden die Erfahrungen der Opferhelfer nach den Weihnachtstagen zeigen.	positive quote
22804	 'Im Tagesgeschäft haben wir Probleme, an Betroffene heranzukommen. Dabei haben wir bereits im Januar 2015 von der städtischen Sozialdeputation die Beratung bei Beziehungsgewalt übertragen bekommen. Aber die Polizei, die im Jahr zu etwa 2.000 Einsätzen bei häuslicher Gewalt gerufen wird, kann uns die Daten gar nicht ohne Weiteres geben. So erreichen wir auf diesem Wege aktuell lediglich 30 bis 50 dieser Personen. Das ist schlecht konstruiert und total frustrierend. Da wäre eine Änderung des Polizeigesetzes sinnvoll.	policy advocacy
11026	 'Was sind das für Fälle, mit denen Sie konfrontiert sind?	
11482	 'Trotz der Corona-Pandemie müssen Jugendliche der evangelischen Kirchengemeinde Süsel im Kreis Ostholstein nicht auf einen feierlichen Konfirmationsgottesdienst verzichten. Statt wie üblich in einer Gruppe werden die Konfirmanden in der Laurentiusgemeinde in Einzelgottesdiensten eingesegnet.	non-DA
1635	 'Trujillo sagt, die Gewalt gegen Frauen in Guatemala sei zwar sehr explizit, weil es kaum eine Frau gebe, die sie nicht betreffe, aber sie werde gesellschaftlich noch immer geleugnet. „Es gibt ein sehr hohes Level an Straffreiheit.“ Letzte Berechnungen einer unabhängigen UN-Kommission gegen Straffreiheit stammen aus dem Jahr 2015. In dem Bericht steht: In 97 Prozent der Fälle wird die Gewalt gegen Frauen in Guatemala nicht bestraft. Bei sexualisierter Gewalt sind es sogar 99 Prozent.	statistik, policy advocacy
7553	 'Mit der Caritas Fils-Neckar-Alb steht ein Träger für das künftige Frauenhaus in Nürtingen bereits parat. Sie ist seit langem mit einer Psychologischen Beratungsstelle für Familie und Jugend und mit weiteren Beratungsangeboten vor Ort tätig, es könnten Synergien genutzt werden, unterstreicht die Kreisverwaltung. Auch eine geeignete Immobilie sei bereits gefunden. Entstehen soll eine besondere Einrichtung für zwölf Bewohner auf rund 500 Quadratmetern Fläche: Im Gegensatz zu üblicherweise anonymisierten Frauenhäusern soll es sich um „ein offenes Haus handeln, für welches mit Unterstützung der Polizei ein spezielles Sicherheitskonzept sowie ein Leitsystem für Menschen mit Behinderungen entwickelt wird, das die Bedarfe von gehörlosen und blinden Frauen und ihren Kindern berücksichtigt“, erläuterte der Landrat erste Überlegungen. Noch feile man am Konzept.	DA support services, announcement
1474	" 'Angesichts des fortgesetzten Anstiegs der Frauenmorde in diesem Jahr hat sich die Regierung auf ein ""Gewaltschutzpaket"" in Höhe von 24,6 Millionen Euro geeinigt. Es bleibt abzuwarten, wie diese letztlich konkret eingesetzt werden und wann und wie die angekündigten Maßnahmen umgesetzt werden. Es ist jedenfalls höchst an der Zeit, der staatlichen Verantwortung nachzukommen und Worten auch Taten folgen zu lassen. Gewaltschutz darf niemals losgelöst von aktiver Frauenpolitik betrachtet werden; er ist ein Aspekt davon. Die gesellschaftliche Gleichstellung von Frauen und Männern, die Stärkung der Frau in sozialer und wirtschaftlicher Hinsicht durch entsprechende Maßnahmen in Bildung, Entlohnung und Familie leisten einen wesentlichen Beitrag zur Bekämpfung häuslicher Gewalt und dürfen daher nicht vernachlässigt werden."	policy measure 
14827	 'Im vergangenen Jahr bekam Kaufmann unzählige Anfragen von Hilfsbedürftigen, aber: „124 Frauen konnten nicht aufgenommen werden, weil sie entweder aus anderen Bundesländern kamen, ihre Problematik nicht für ein Frauenhaus geeignet war, unser Haus voll belegt war oder in ambulanter oder telefonischer Beratung andere Lösungsmöglichkeiten erarbeitet werden konnten.“	policy advocacy
3776	['Unter all den straffällig gewordenen Footballspielern ist Reuben Foster die eierlegende Wollmilchsau. Obschon erst 24-jährig, war er schon an einer Schiesserei beteiligt und sass wegen des Besitzes von Marihuana. Er stand wegen häuslicher Gewalt vor Gericht und bedrohte einen Dopingkontrolleur. Nun wurde er verhaftet, weil er wieder seine Freundin verprügelt haben soll - in der Nacht vor einem Auswärtsspiel. Sein Team, die San Francisco 49ers, entliess ihn umgehend.	sensationalist language
12267	 'Berlin  - Im Corona-Jahr 2020 hat es bei den Berliner Strafverfolgungsbehörden deutlich mehr Verfahren wegen häuslicher Gewalt gegeben. Die Zahl stieg allein bei der Amtsanwaltschaft im Vergleich zum Vorjahr um 1035, wie Justizsenator Dirk Behrendt (Grüne) am Mittwoch sagte. Das entspreche einer Zunahme von 7,5 Prozent. Die Amtsanwaltschaft ist eine eigene Strafverfolgungsbehörde und zuständig für mittlere- und Kleinkriminalität.	
23689	 'Während die Welt mit den Auswirkungen von Covid-19 zu kämpfen hat, bedroht eine parallele und ebenso schreckliche Pandemie die Hälfte der Weltbevölkerung. In den ersten Monaten der Pandemie prognostizierten die Vereinten Nationen, dass Quarantänen und Lockdowns alle drei Monate zu schockierenden 15 Millionen zusätzlichen Fällen von geschlechtsspezifischer Gewalt führen könnten. Traurigerweise scheinen diese Vorhersagen wahr zu werden.	
3463	 'Alle diese Dinge sind unschwer der französischen Presse zu entnehmen, zum Beispiel der eigentlich Macron-freundlichen Libération. Auch die Artikel von taz-Korrespondent Rudolf Balmer sollten doch den Macron-Hype dämpfen helfen, man sollte nicht nur die EU-politischen Initiativen sehen (nebenbei: EU-Finanzminister und EU-Armee – noch mal „whow“, diese Vision ruft richtige Begeisterungsstürme der Europäer für die EU hervor!).	
13544	 'Dieser Schuss geht nach hinten los	
11180	 'Die Gewalttaten zu Hause sind während der Corona-Pandemie stark angestiegen. Darunter waren schwerste Verletzungen, oft Brüche oder Gewalt gegen den Hals.	
20588	 'Besonderes Augenmerk richten die Beraterinnen auf die Kinder. Selbst wenn sie nicht direkt misshandelt werden, sind sie häufig Zeugen der Gewalt. Rund 77 Prozent der Kinder von misshandelten Frauen werden selbst misshandelt. Aber selbst wenn sie nicht unmittelbar beteiligt sind, erleben sie diese Situationen als negative Vorbilder und es ist kein Zufall, dass aus misshandelten Kinder wieder misshandelte Erwachsene werden.	
16089	 '* Namen von der Redaktion geändert']	
8742	 'Der mutmaßliche Täter sei in der Vergangenheit wegen eines Sorgerechtsstreits um ein Kind auffällig geworden, berichtete AFP. Der verletzte Polizist wurde in ein Krankenhaus gebracht. Die Gendarmerie gehört in Frankreich zwar zum Militär, übernimmt aber Polizeiaufgaben und untersteht deshalb auch dem Innenministerium.	
199	 'Er ist Tätowierer und Bodybuilder und von beeindruckender Körpergröße. Seine Frau ist 1,50 Meter groß und wiegt 50 Kilo. Trotzdem sucht der Mann bei der Sozialberatung Stuttgart Hilfe, als ein Messer in seinem Oberschenkel steckt. Er habe versucht, seine Frau auf Distanz zu halten, erzählt er. Warum er nicht zurückgeschlagen habe? „Ich schlage keine Frauen. Mein Vater hat meine Mutter geprügelt, ich will kein so A.\u200a.\u200a. sein wie der.“ \u2009	
3799	 'Auch Frauen mit Behinderung und Flüchtlinge brauchten Zugang zur Frauenhilfeinfrastruktur, sagte die Grünen-Politikern Josefine Paul. Frauen müssten unabhängig von ihrem Aufenthaltsstatus vor Gewalt geschützt werden.']	
2111	 'Die Mitarbeiterinnen im Frauenhaus kümmern sich um ihren Sohn. Sie erledigen auch den Einkauf für Lilly, weil sie fürchtet, auf ihren Ex-Freund zu treffen. Er ruft sie ständig auf dem Handy an, entschuldigt sich. Wo sie ist, verrät sie ihm nicht. Sie zeigt ihn an, zieht die Anzeige kurz danach wieder zurück - aus Angst, man könnte ihr nicht glauben.	
221	 'Bereits in der Vergangenheit haben die Berlinerinnen ihre Formate und die sozialen Medien immer wieder genutzt, um über selbst Erlebtes zu berichten und auf Themen wie sexuelle und psychische Gewalt in Beziehungen, Bodyshaming und sexualisierte Gewalt in der Rapszene aufmerksam zu machen. Sie habe in einer früheren Beziehung, die sie heute als toxisch beschreibt, „Gewalt gegen meinen Körper und gegen meine Seele“ erlebt, so Ines Anioli in einem Instagram-Post.	
17075	 '„Ein Kammerstück über mütterliche Gewalt“ heißt das Solo im Untertitel. Es spricht ein Tabuthema an, denn unser Bild der Mutter ist ein Ideal, geprägt von bedingungsloser Liebe, von Verständnis, Sanftmut, Vertrauen, Selbstaufgabe. Dem gerecht zu werden ist unmöglich – trotzdem halten wir daran fest, auch wenn es Frauen überfordert, wie die Zahlen berichten: Laut polizeilicher Kriminalstatistik treten in den dort erfassten Fällen von Kindesmisshandlung Männer und Frauen etwa gleich häufig als Täter in Erscheinung.	
19526	 'Die Kampagne richtet sich an beide Geschlechter. Die Mehrheit der Opfer von häuslicher Gewalt sind zwar Frauen. Doch in 28 Prozent der gemeldeten Fälle sind Männer betroffen.	
17124	" '22.37 Uhr: ""Wir waren nie getrennt!"", erklärt Herren und berichtet dramatisch aus ihrer Vergangenheit. Schnell wirds deutlich düsterer: ""Körperverletzungen"", ""im Zimmer eingesperrt"", ""Angriffe einer Gruppe""? Jasmin Herren erzählt, was ihr einst alles geschah, als ihr Mann für ein TV-Format im Ausland war."	
23299	 'Hinweise, dass die Gewalt in Familien während der Corona-Pandemie eskaliert ist, gibt es schon länger. Jetzt lässt sich der Anstieg an konkreten Zahlen ablesen. Laut WELT AM SONNTAG-Recherchen gab es im vergangenen Jahr rund 158.000 Opfer häuslicher Gewalt. Das entspricht einem Anstieg von etwa sechs Prozent im Vergleich zum Vorjahr.	
20248	 'Auch Franziska Giffey startete Aktion „Zuhause nicht sicher?“	
23491	 'Jede siebte Frau ist von sexualisierter Gewalt betroffen. Das heißt, jede Person kann davon ausgehen, dass sie mindestens eine Frau im unmittelbaren Umfeld hat, die schweigt.“']	
18097	" '"": Haben Sie Beispiele? Mit welchen Erfahrungen kommen Frauen zu Ihnen?"	
21853	 'Grund für eine „Verschärfung“ von häuslicher Gewalt sei der Umstand, dass nach der Schließung von Kitas und Schulen sowie weitgehenden Kontaktverboten wegen der Corona-Pandemie Familien auf sich zurückgezogen seien.	
8769	 'Andere Stellen wie die Gewaltschutzambulanz der Charité berichteten bereits im Juni von einem Anstieg von 30\xa0Prozent der registrierten häuslichen Gewaltvorfälle im Vergleich zum Vorjahresmonat. Die (angezeigten) Fälle von Kindesmisshandlungen seien im ersten Halbjahr 2020 um 20\xa0Prozent im Vergleich zum Vorjahr gestiegen. ExpertInnen warnen zudem alle Jahre wieder, dass an Feiertagen das Risiko für häusliche Gewalt – die Enge, der Alkohol, alte und neue Konflikte\xa0– zunehmen. Insofern ist Weihnachten dieses Jahr für viele Menschen doppelt gefährlich.	
14314	 'Im Frühling dieses Jahres meldete die Frau der Polizei wieder, dass ihr Mann ihr nachstelle und sie nicht in Ruhe lassen wolle. Der 37-Jährige erhielt daraufhin erneut ein Kontakt- und Rayonverbot - welches Ende Juli aber ablief. In den drei Monate davor war es zu keinen Verstössen gekommen.	
516	 'Es hat zwei Jahre gedauert. Ich habe meine Hilfe vor allem im Lesen gefunden, habe mir alles angelesen, was ich im Netz und außerhalb zum Thema finden konnte. Dadurch habe ich mich sukzessive aus der Umklammerung gelöst. Und habe dadurch festgestellt: Ich bin nicht die Einzige. Das Gefühl, alleine auf weiter Flur zu sein, war für mich während der Beziehung furchtbar lähmend und schließlich auch der Ausschlag dafür, dieses Buch zu schreiben, damit andere sich nicht so fühlen müssen.	
10664	 '„Die heutige Technologien verlangen eine Lagerung (von Impfstoff) bei minus acht Grad.“ In Afrika etwa fehle dafür wahrscheinlich die Infrastruktur. „Ich bin sicher, dass wir mit diesem Impfstoff erst in die westlichen Länder kommen“, sagte Bourla. „Aber in einer zweiten Welle arbeiten wir daran, sicherzustellen, dass wir Produkte entwickeln und herstellen können, die solche extremen Temperaturen nicht brauchen.“ Pfizer habe bislang mit keiner Regierung Verträge über die Lieferung von Impfstoff abgeschlossen, betonte er.	
19704	 'Kinderschutzorganisationen warnen deshalb seit Beginn des Lockdowns vor einem Anstieg von Gewalt gegenüber Kindern, den niemand mitbekommt. Besonders Kinder in Familien, die sich ohnehin in einer schwierigen Lage befänden, seien gefährdet, hatte vergangene Woche die Geschäftsführerin des Kinderschutzbunds in Bremen dem gesagtWeser-Kurier. Derzeit steige der Druck in diesen Familien – und damit auch die Gewalt.	
4510	 'Das Ministerium unterstützt Frauen mit oder ohne Kinder bei der Suche nach eigenem, angemessenem und vor allem bezahlbarem Wohnraum und verkürzt den Frauenhausaufenthalt für Frauen und Kinder, für die kein akuter Schutzbedarf mehr besteht. „So werden die Frauenhäuser in ihrer täglichen Arbeit entlastet, da sie sich nicht mehr um die Wohnungssuche und -belange einer Frau kümmern müssen. Akut von Gewalt bedrohte oder betroffene Frauen können dann die wieder verfügbaren Frauenhausplätze nutzen“, sagte Ministerin Sütterlin-Waack.	
7779	 'Das Hilfetelefon „Gewalt gegen Frauen“ ist rund um die Uhr unter der Nummer 08000/116016 kostenlos erreichbar. Hilfsangebote gibt es auch per Chat oder in einer Onlineberatung unter  (Klicken Sie hier) . Die Beratungen werden in 18 Sprachen sowie in Leichter und Gebärdensprache angeboten.']	
17307	 'Sie haben kein eindeutiges Signal empfangen, aber trotzdem das Gefühl, dass eine Person in deinem Umfeld unter Gewalt leidet? Dann können Sie sich auch an das Beratungstelefon „Gewalt gegen Frauen“ wenden. Dort wird mit Ihnen besprochen, wie Sie vorgehen können.\xa0	
4574	 '• Vollendete vorsätzliche Tötungsdelikte (Mord und Totschlag)\xa0– minus 63\xa0Prozent. Die Fälle von vollendetem Mord und vollendeten Totschlagsdelikten haben zwischen 1993 und 2018 von 1\xa0436 auf 544 abgenommen. Pro 100\xa0000 der Wohnbevölkerung ist das ein Rückgang um 63,0\xa0Prozent.	
10261	 'Gewaltbetroffenen Personen, die mehrere Zyklen durchlaufen, wird oft gesagt: «Es war wohl doch nicht so schlimm, sonst wärst du nicht wieder zurückgegangen!» Wichtig ist hier, dass die Polizei und auch die Gesellschaft das Wissen über den Gewaltzyklus haben und dem Opfer keine Mitschuld übertragen. Sondern die Person klar als Opfer sehen.	
10862	 'Die Gewalt von Partnern oder Ex-Partnern gegen Frauen nimmt zu - doch die Landesregierung hinkt aus Sicht der Landtags-FDP beim Hilfsangebot hoffnungslos hinterher. Seit 2011 mit 10\xa0872 Fällen habe häusliche Gewalt um rund 20 Prozent zugenommen, aber die Kapazität in den Frauen- und Kinderschutzhäusern habe sich seitdem nicht verändert, monierte Nico Weinmann, Vizechef der FDP-Fraktion, die eine entsprechende Anfrage an das Sozialministerium gestellt hatte. Im vergangenen Jahr lag die Zahl der Plätze bei 756 - vor knapp einem Jahrzehnt bei 757. Die derzeit 42 Frauen- und Kinderschutzhäuser werden von den Kommunen, vom Land auf freiwilliger Basis und mit Spenden und Bußgeldern finanziert.	
16027	" 'Paris - Der amerikanische Regisseur Spike Lee wird auf dem Filmfestival in Cannes seinen neuen Film ""BlacKkKlansman"" im Wettbewerb vorstellen. Das teilte die Festivalleitung am Donnerstag in Paris mit. Um die Goldene Palme konkurriert auch der französische Altmeister Jean-Luc Godard mit ""Le Livre d\'image"". Eröffnet wird das 71. Festival von Cannes am 8. Mai mit ""Everbody Knows"" (Todos Lo Saben) des iranischen Regisseurs und Oscarpreisträgers Asghar Farhadi. Der Film mit Penelope Cruz und Javier Bardem läuft ebenfalls im Hauptrennen. Außerhalb des Wettbewerbs stellt Wim Wenders seinen Dokumentarfilm ""Pope Francis. A man of his word"" über Papst Franziskus vor. Vorsitzende der Wettbewerbs-Jury ist die australische Schauspielerin Cate Blanchett. Das Festival dauert bis zum 19. Mai."	
13935	" 'Halle  - Ob Männer oder Frauen, ob 14 Jahre oder 40 Jahre alt - in Sachsen-Anhalt haben im vergangenen Jahr 986 Stalking-Opfer eine Anzeige erstattet. 2017 gab es 1070 Opfer, wie das Landeskriminalamt (LKA) in Magdeburg mitteilte. Aus Sicht von Experten liegt die Dunkelziffer vermutlich weit höher. ""Die Opfer müssen nachweisen, dass sie gestalkt werden"", sagte die Leiterin der Interventionsstelle ""Häusliche Gewalt und Stalking"", Silke Voß, in Halle. Das würde viele Menschen davon abhalten, zur Polizei zu gehen. In ihrer Beratungsstelle suchten nicht nur Frauen, sondern auch Männer und sogar Heranwachsende Hilfe."	
16250	 'Bei Otto Waser handelte es sich laut Fiche um einen «bornierten und zweifellos gefährlichen Kommunisten». Vom Weltjugendfestival in Moskau (1958) ist protokolliert, wem er wann die Hand reichte. Ein früherer Arbeitgeber rapportierte, wie Waser das Servicepersonal dazu angestiftet hatte, kollektiv zu künden. Weitere Einträge führten auf, wer mit ihm 1969 Bundespräsident Tschudi feierte und gegen das Zivilverteidigungsbuch protestierte, 1970 gegen die Todesstrafen an sechs baskischen Freiheitskämpfern demonstrierte und 1971 die Befreiung von Angela Davis forderte.	
6151	 'Die allermeisten betroffenen Frauen können sich direkt nach der Tat nicht entschließen, Anzeige zu erstatten. Aus Scham, aus Angst vor dem Täter, aus ganz verschiedenen Gründen.	
1202	 'WELT: Die Taliban haben behauptet, sie hätten sich geändert, seien moderater geworden. Haben Sie dem jemals Glauben geschenkt?	
20313	" 'Der georgische Tennisprofi Nikolos Bassilaschwili muss sich wegen mutmaßlicher körperlicher Gewalt gegen seine Ex-Frau vor Gericht verantworten. Das teilte die Staatsanwaltschaft in der Hauptstadt Tiflis mit. Demnach sei der 27. der Weltrangliste angeklagt, ""Gewalt gegen ein Familienmitglied in Anwesenheit eines Minderjährigen"" ausgeübt zu haben. Bei einem Schuldspruch drohen ihm bis zu drei Jahre Haft."	
21605	" 'Schon jetzt gebe es erste Insolvenzen, die ""vollmundig angekündigten großzügigen staatlichen Rettungsschirme"" würden mangels staatlicher Einnahmen auf Dauer wohl nicht durchzuhalten sein, sagte Geisel. Hinzu komme wegen der Kontaktverbote bereits eine ""signifikante Zunahme"" von Inobhutnahmen und Betretungsverboten wegen häuslicher Gewalt. Die Schließungen von Schulen und Universitäten brächten das solidarische Miteinander der Generationen in Gefahr. Es sei zu befürchten, dass junge Menschen zunehmend gegen die Maßnahme rebellierten, weil sie sich von den Gefahren der Infektion nicht selbst betroffen fühlten."	
13599	 '# Notizblock	
21758	 'Pedelec-Fahrerin nach Sturz schwer verletzt	
8410	 '* Während Deutschland in seinem Bürokratie-Wahn nicht einmal ein einheitliches Ladenetz für E-Autos hinbekommt, zeigt Tesla-Chef Musk mal wieder, wie man wirklich ganzheitlich denkt.\xa0\xa0 Mit der deutschen Energiewende ist die E-Mobilität auf Crashkurs. Ein Kommentar. Kurioser Fund im Stall - Ein Bauer denkt, seine Henne brütet – dann sieht er genauer hin\xa0']	
19548	 'Und dass in diesen Berufen vor allem Frauen arbeiten. Der zweite Gleichstellungsbericht der Bundesregierung zeigte schon 2017, dass Frauen 87 Prozent des Personals in Pflegediensten und 85 Prozent des Personals in Pflegeheimen stellen. Ähnlich sah es in der Kindererziehung und -betreuung aus. Dringend wurde schon da die Aufwertung der Sorge- und Reproduktionsarbeit angemahnt.	
16026	 'Spike Lee, Godard und Wenders beim Festival in Cannes	
20720	 'Die Geschichte der Schauspielerin, die in ständiger Angst leben muss, hat die feministische Karnevalsgruppe Mulheres brillantes (etwa: Wunderbare Frauen) dazu bewogen, Machado zu ihrer Madrina (Patin) zu machen. Die Gruppe existiert seit etwa zwei Jahren und besteht unter anderem aus Frauen, die Opfer häuslicher Gewalt wurden. Die Gewaltopfer treffen sich wöchentlich, um sich gemeinsam auf den Karneval vorzubereiten. Vor allem aber auch, um unter Gleichgesinnten Erfahrungen auszutauschen und solidarisch zu sein. „Es tut gut, sich zuzuhören und in die Arme zu nehmen“, sagt Machado. „Die Augen der Welt sind in diesen Tagen auf Rio de Janeiro gerichtet. Was wir brauchen, ist ein Bewusstsein für das Verhältnis zwischen Männern und Frauen zu schaffen. Und die Freude, die der Karneval spendet, kann dabei helfen.“ Ziel ist es, Frauen, die in einer ähnlichen Situation leben, Mut zu machen, nicht länger zu schweigen, sondern ihre Peiniger anzuzeigen und dem Kreislauf von häuslicher Gewalt und Unterdrückung auszubrechen. Die Botschaft ihrer Gruppe: „Zusammen sind wir stärker, alleine kann eine Frau so etwas nicht durchstehen.“	
19050	 'Bachmann stoppt den Film bei mehreren Szenen, in denen ein Problem besprochen werden müsste, spürbar etwas ungeklärt ist. Die Freundin entdeckt die gestohlene Tasche und denkt, dass Jonas sie betrügt. Er schafft es nicht, zu sagen, weshalb er die Handtasche besitzt. Er beschwichtigt, streitet ab, lügt.	
2559	 'Cleo träumt weiterhin vom Ende der Pandemie. In der Kita werde nicht über das Virus gesprochen, darüber ist sie ganz froh. Was sie zuerst machen wird, wenn wieder alles öffnet? Bummeln und Kuchenessen in der Stadt, sprudelt es aus ihr raus. Und sie freut sich, wenn der Schwimmkurs in der Kita wieder weitergeht. „Wir durften nur einmal schwimmen gehen. Dann musste der Kurs wegen Corona ausfallen.“']	
971	 'Mit einem Trick gelang ihr die Flucht aus seiner Wohnung in Taufkirchen']	
16870	" 'Mindestens einmal am Tag erleben er und seine Kollegen einen Fall, bei dem es um häusliche Gewalt, also einen tätlichen Angriff mit Körperverletzungen geht. Dass Streit in Familien oder unter Partnern oftmals in der Weihnachtszeit vorkommt, bestätigt Peter. ""Gefühlt mehren sich die Fälle an diesen Tagen. Dieses Jahr war es allerdings erstaunlicherweise ruhig."" Anfang des Jahres hatte dagegen ein Fall für Schlagzeilen gesorgt, bei dem an den Weihnachtstagen zuvor in Königswinter eine Tochter ihre Mutter getötet hatte."	
6215	['Studien Im Jahr 2014 wurde eine europaweite Erhebung der EU-Agentur für Grundrechte veröffentlicht, für die 42\u200a000 Frauen zum Thema sexuelle Gewalt befragt worden waren. Demnach hat jede dritte Frau seit ihrem 15. Lebensjahr körperliche oder sexuelle Gewalt erfahren. Nur jedes dritte Opfer von Gewalt in Partnerschaften und jedes vierte von Gewalt außerhalb der Beziehung meldet einen Übergriff. 43 Prozent der befragten Frauen haben durch Partner psychische Gewalt erlebt. 55 Prozent sind einmalig oder mehrmals sexuell belästigt worden. Sexuelle Belästigung nach der Erhebung reicht von unerwünschten Berührungen über anzügliche Kommentare, durch die sich eine Befragte angegriffen fühlte, bis hin zu sexuell eindeutigen Fotos oder Geschenken. Auf noch mehr Betroffene deutet eine Studie hin, die 2014 das Bundesfamilienministerium in Deutschland in Auftrag gegeben hatte und für die 10\u200a000 Frauen befragt worden waren.	
18134	 'Allein die Bezeichnung ist schon eine Art Mythos: „Häusliche Gewalt“. Tatsächlich ist „häusliche Gewalt“ so wenig „häuslich“ wie die vielen anderen Formen der Gewalt gegen Frauen: Stalking, Vergewaltigung, Unterbesetzung und -bezahlung in „typischen Frauenberufen“, geringere Bezahlung als Männer für gleiche Arbeit, staatlich geförderte Armut alleinerziehender Mütter, indem wir hinnehmen, dass 60 Prozent der getrennt lebenden Väter keinen Cent Unterhalt zahlen. Häusliche Gewalt ist nicht das Verbrechen von Einzelnen. Sie hat viele Täter. Nicht alle schlagen mit Fäusten zu. Die Weltgesundheitsorganisation (WHO) nennt „häusliche Gewalt eine Verletzung der Menschenrechte“. Hauptsächlich der Menschenrechte von Frauen. Der US-Forensiker Evan Stark sagt: „Es geht nicht nur um die Sicherheit und das Leben von Frauen. Es geht in erster Linie um ihre Freiheit.“ Diesen Erkenntnissen zum Trotz hängt die Gesellschaft an den alten Mythen.	
21259	 'Wie sollen Wegweisungen etwa in Quarantänegebieten funktionieren? Wenn ein Gefährder nirgends hin kann?	
12575	 'Der Bundesrat ist einverstanden damit, das Angebot zu verbessern. Die Zuständigkeit für die Errichtung eines solchen Beratungsangebots liege jedoch bei den Kantonen. Wenn diese ein Angebot aufbauen wollten, sei der Bundesrat bereit, eine koordinierende Rolle zu übernehmen, hielt der Bundesrat in seiner Antwort fest.	
8550	 'FEATURE	
11209	 'Das ist zu einem grossen Teil unbewusst. Es gibt niemanden, der sagen würde: Also wir wollen, dass Männer ihre Frauen schlagen. Natürlich nicht. Aber dennoch halten wir alle die Strukturen aufrecht, die solche Gewalt zulassen und auf eine indirekte Weise legitimieren. Ein UNO-Bericht von diesem Jahr hat ergeben, dass ein Drittel der Befragten es okay findet, wenn ein Mann seine Frau schlägt. Gewalt gegen Frauen wird, «gute Gründe» vorausgesetzt, für verständlich und als in Ordnung erachtet. Wir als Gesellschaft rechtfertigen damit Gewalt und machen uns zu Alliierten der Gewalttäter.	
23102	 'Dort, wo schon belastende Situationen vorgelegen hätten, sei Überforderung und Frust während der Pandemie häufiger in Gewalt umgeschlagen, sagte Giffey. Söchting sagte, die Belastungen hätten durch räumliche Enge, Homeoffice und Home-Schooling, Angst vor Jobverlust und fehlende Freiräume zugenommen. Möglichkeiten wie ein Kaffeetrinken bei Freunden, die schwierige Situationen deeskalieren können, seien weggefallen.	
8932	 'Nach und nach kommen jetzt Details der bangen Momente in den Hallen und Gängen des Parlaments ans Tageslicht. Und sie nähren auch im Verteidigungsministerium die Angst vor weiteren Gewalttaten vor oder am 20. Jänner, dem Tag, an dem Joe Biden als 46. US-Präsident angelobt werden soll. Das FBI untersucht derzeit, ob sich hinter dem Sturm auf das Kapitol andere, noch gewalttätigere Pläne verbergen.	
12619	 'Standard: Welche Formen häuslicher Gewalt sind besonders risikobehaftet?	
14582	" 'Die Polizei war zunächst von einer Anwohnerin gerufen worden, weil eine Frau vor einem Haus in Erbach nach Hilfe gerufen habe. Kurz zuvor hatte es an der Adresse bereits einen Einsatz wegen häuslicher Gewalt gegeben. Vor Ort seien die beiden Streifenbesatzungen unmittelbar von etwa zehn Menschen ""feindselig empfangen und bedroht"" worden, hieß es in der Mitteilung. Die Polizei setzte Pfefferspray ein, zudem fiel der Schuss. Bei der Auseinandersetzung wurde ein Mann leicht verletzt, er und vier weitere wurden vorläufig festgenommen. Weitere Details waren zunächst nicht bekannt."	
20413	 'Die Polizei wurde in der Zeit des Corona-Shutdowns in Potsdam häufiger als im Vergleichszeitraum des Vorjahres wegen häuslicher Gewalt gegen Frauen und Kinder alarmiert. Das hat Stefanie Wagner-Leppin, die Sprecherin der zuständigen Polizeidirektion West, auf MAZ-Anfrage bekannt gegeben.	
14372	 'Der Ausschluss aus dem Europarat und die eilfertig von russischen Politikern angekündigte schnelle Kündigung der EMRK und anderer Vereinbarungen werden sich ohne Zweifel auf die russische Bevölkerung auswirken. Das stärkste Argument gegen den immer wieder in Strassburg erörterten Ausstieg Russlands aus der Organisation war stets der Zugang zum EGMR.	
13805	['Das Schweizer Sexualstrafrecht muss revidiert werden. Das fordern 22 Strafrechtsprofessoren.	
19568	 'Wie erfahren Sie derzeit von Verdachtsfällen?	
15669	" '""Es wurden keine Verletzungen an ihr festgestellt"""	
7339	 'Im Bereich häuslicher Gewalt, die sich in den meisten Fällen gegen Frauen und Kinder richtet, wird die Dunkelziffer von Experten genrell als hoch eingeschätzt. Bereits Ende März hatte der Europarat auf Frankreich verwiesen, wo viele Frauen wegen der Beschränkungen keine Notrufstellen anrufen könnten.	
10815	 'Nach Angaben des Frauenministeriums hatten zuletzt alle bis auf zwei der Einrichtungen angezeigt, noch über freie Plätze zu verfügen. Obwohl die Gewalt innerhalb der Familien deutlich zunahm, habe es „seit der Pandemie bis dato keine überdurchschnittlichen Aufnahmen von Frauen in den Brandenburger Schutzeinrichtungen“ gegeben, heißt es in der Stellungnahme der Landesregierung.	
23222	 '„Das kenne ich von zu Hause, ist doch ganz normal“ – auch solche Sätze hören Seifert und Hagemann immer wieder. Sie versuchen dann abseits der Gruppe nachzuhaken: Wird zu Hause viel gestritten? Schreit dabei jemand, schlägt, wirft mit Gegenständen? Erlebt das Kind Gewalt, möglicherweise sogar am eigenen Körper? Die Pädagog:innen müssen dann abwägen: Droht den Kindern akute Gefahr, muss die Schule direkt das Jugendamt einschalten. Meist wird aber erst einmal ein Gespräch mit den Eltern angebahnt.	
22124	['Es rumort gewaltig zwischen den Vertreterinnen der Frauenhilfe und der zuständigen Senatsverwaltung für Gleichstellung. Im Haushalt gibt es zwar mehr Geld für den Schutz von Opfern häuslicher Gewalt. Aber an der Praxis vorbei, sagen die Akteurinnen	
9652	 'Paten für ein Stück Blumenwiese gesucht	
22532	 'Sturm und Schnee in Spanien	
8729	" 'Frankreichs Präsident Macron erklärte, die Polizisten hätten ""ihr Leben eingesetzt"", um eine Frau zu retten, die ""Opfer von Gewalt in der Ehe"" geworden sei. ""Sie sind unsere Helden"", schrieb Macron über die Gendarmen auf Twitter."	
2222	 'Schon Ende vergangenen Jahres ist ein weiteres Buch erschienen, in dem es um Gewalt gegen Frauen geht: „Politische Männlichkeit: Wie Incels, Fundamentalisten und Autoritäre für das Patriarchat mobilmachen“ von Susanne Kaiser. Kaiser holt wesentlich weiter aus, sie beschreibt Incels, Amerikas zornige weiße Männer und häusliche Gewalt, den gemeinsamen Nenner findet sie in gekränkten Besitzansprüchen, bloß eben nicht wie bei Backes und Bettoni auf einer persönlichen Ebene, sondern als gesellschaftliches Phänomen. Kaiser sieht in Anschlägen auf Frauen Akte politischer Gewalt. Die sogenannten Incels, die „involuntary celibates“, sind eine lose Gruppierung heterosexueller Männer, die sich im Internet zusammenfinden - in den drei wichtigsten amerikanischen Foren sollen dem kanadischen Fernsehen zufolge 60 000 aktiv sein. Die Grenzen zum Rechtsradikalismus sind bei den Incels fließend, vor allem aber finden sie, die Gesellschaft habe ihnen Frauen vorenthalten, auf die sie einen Anspruch hatten. So wie es die Männer der Überlebenden in „Alle drei Tage“ auch sehen.	
10575	 'Spanien will Quarantäne für Einreise schon eher aufheben	
6315	 'Die Corona-Krise hat nach Angaben des bayerischen Landeskriminalamtes (LKA) bislang nicht zu mehr bekannten Fällen häuslicher Gewalt geführt - entgegen anders lautenden Befürchtungen. „Vermutungen, dass die Corona-Krise das Problem häuslicher Gewalt verschärfen könnte, weil zerstrittene Eheleute oder Partner nun viel Zeit gemeinsam zu Hause verbringen, bestätigen sich zumindest bislang nicht“, teilte das LKA am Dienstag in München mit. Die Fallzahlen bei häuslicher Gewalt seien „in diesem Jahr unauffällig und teilweise sogar rückläufig“. Allerdings lägen „abschließend belastbare Zahlen dazu“ noch nicht vor.	
10977	['Erste Zahlen aus Niederösterreich bestätigen die Befürchtungen. Gewaltschutzzentren verzeichneten enormen Zulauf.	
19802	 'Jetzt haben sich die zwei Regierungsbeauftragten für Opfer von Kriminalität und häuslicher Gewalt in England zusammengetan. In einer Online-Sitzung des Innenausschusses im Parlament warnten sie: Die steigende Zahl ermordeter Frauen sei das Sinnbild dieser Krise. Sie fordern, die Zeitspanne zu verlängern, in der Opfer die Täter anzeigen könnten. Nach britischem Gesetz muss das innerhalb von sechs Monaten geschehen. Aber viele Frauen, hiess es im Innenausschuss, riefen in der aktuellen Lage nicht die Polizei. «Weil sie gefangen seien in ihrer Situation.»	
1108	 'Sie beschreiben Ihre Beratung als „proaktiv“, was heißt das genau?	
10841	" '""Ich habe meine Vergangenheit nur erwähnt, weil ich wie jeder andere Mensch auf diesem Planeten eine komplexe Hintergrundgeschichte habe."" Dies präge ihre Ängste, Interessen und Meinungen, schrieb Rowling zum Schluss ihres Textes. ""Ich vergesse diese innere Komplexität nie, wenn ich eine fiktive Figur erschaffe, und ich vergesse sie nie, wenn es um Trans-Menschen geht."" Sie sei äusserst glücklich. ""Ich bin eine Überlebende und sicherlich kein Opfer.""']"	
4834	 'Die Polizeibehörden verteidigen sich gegen die Vorwürfe. Viele Beamte reagierten angemessen auf Berichte von häuslicher Gewalt, betonte Fabienne Boulard von der Nationalpolizei. Diejenigen, die das nicht täten, handelten nicht böswillig, sondern seien schlicht nicht der Lage, die Fälle zu erkennen, oder wüssten nicht, wie sie intervenieren sollten.	
15445	 'Bericht: Anwälte raten Trump von Befragung durch Sonderermittler ab	
9749	 'Die neue Amazon-Doku Lorena von Regisseur Joshua Rofé lässt in vier etwa einstündigen Folgen Lorena und John Wayne heute neben Anwälten, Jurymitgliedern und Journalisten zu Wort kommen und bedient sich am umfangreichen Originalmaterial. Da sie ihre Collage nicht weiter kommentiert, bringt sie Zuschauer zunächst in eine unangenehme Position. Der Fall fordert geradezu dazu auf, Partei zu ergreifen, doch zunächst steht Wort gegen Wort. Heute würde man sagen, zwei Narrative konkurrieren. Im einen ist John Wayne Bobbitt ein harmloser Dummkopf, den seine rach- und eifersüchtige Frau verstümmelt. Im anderen weiß sich Lorena nach unzähligen Demütigungen nicht anders zu helfen, als gewissermaßen die Waffe ihres Vergewaltigers zu zerstören. Der Medienrummel um den Fall scheint nicht nur die Entwicklung zu voyeuristischer wie atemloser Live-Skandalisierung vorweggenommen zu haben, sondern auch das postfaktische Zeitalter.	
9226	 'Das bedeutet, die Täter können auch Männer aus dem eigenen Umfeld sein – der Kollege im Büro, der eigene Bruder, der eigentlich so fürsorgliche Partner. Es können sogar Männer sein, die sich selbst als Feministen bezeichnen würden, weil sie prinzipiell schon dafür sind. Das ist keine Verharmlosung von Häuslicher Gewalt, im Gegenteil, denn es verweist auf eine Struktur gesellschaftlicher Machtverhältnisse. Eine Struktur, die vom öffentlichen in den intimsten Winkel des Privaten greift: in die eigene Beziehung.	
20376	['Stress, Frust, Enge: Während bei Notfallhotlines in der Krise mehr Menschen anrufen, sehen Behörden keinen Anstieg häuslicher Gewalt. Weil vieles im Verborgenen passiert.	
12710	 '\n                     Klicken Sie, um das Video zu sehen\n                  	
14803	 'Auch die von der Polizei erfasste politisch motivierte Kriminalität ist gesunken - von 6098 Fällen um fünf Prozent auf 5799 Fälle. Allerdings war 2020 ein Rekordjahr, trotz des Rückgangs war es 2021 die zweithöchste Zahl seit 2012. Vor allem stieg die Zahl\xa0politisch motivierter Gewalttaten – um 14 Prozent auf 1037. Die Zahl rechtsmotivierter Taten sank von 2500 auf 1990 Fälle, die Zahl linksmotivierter Taten von 2150 auf 1500 Fälle.	
22176	['Mobbing, körperliche Gewalt, Aggressionen: In der Stadt ist die Gefahr, Opfer von Gewalt an Schulen zu werden größer als auf dem Land. Die meisten Aggressionen gehen im Norden von Jungen aus. Bildungsministerin Prien warnt davor, das Thema zu tabuisieren.	
1483	 'Sie ist mit dem Vater des jüngsten Kindes zwar verheiratet, doch das Paar lebt räumlich getrennt. Somit versorgt Frau T. die Kinder alleine und kann mit ihnen auch nicht zu ihrem Ehemann ziehen. Deshalb hat das Ordnungsamt der Gemeinde, in der Frau T. und die Kinder leben, eine Ersatzunterkunft mit drei Zimmern angeboten. Die befindet sich im Obdachlosenheim. Die Möbel aus der vom Schimmel befallenen Wohnung darf die Familie dorthin nicht mitnehmen. Deshalb benötigen Frau T. und die Kinder Betten, Bettzeug, einen Schreibtisch für die Schularbeiten und einen Wohnzimmerschrank. Frau T. lebt von Arbeitslosengeld II und vom Unterhalt für das Jüngste. Die beiden ältesten Kinder haben kein eigenes Einkommen.']	
17694	 '']	
16235	 'Was sich 1968 international ereignete, bewegte auch Basel: der Vietnamkrieg, die Ermordung des amerikanischen Bürgerrechtlers Martin Luther King und der Einmarsch sowjetischer Truppen in die Tschechoslowakei. «Hoch die internationale Solidarität» skandierten Empörte an Kundgebungen. «Revolution» sangen die Beatles. Ansteckend. Regionales kam hinzu.	
5953	 'Das Projekt hat seine Grenzen	
18910	 '# Notizblock	
6279	['Brandenburg	
23031	 'Kann man mit einer Schizophrenie dennoch gut leben?	
5998	 'Kommentar 	
501	 'Was hat das mit Ihnen gemacht?	
12079	 'Der DRK-Sprecher Siekmann bestätigt die gute Zusammenarbeit: „Die Unterstützung vom Landkreis ist sehr gut, auch die Finanzierung.“ Er sieht, wie Böhm auch, eher ein gesamtgesellschaftliches Problem, das sich nicht pauschal mit mehr Plätzen lösen lasse: den angespannten Wohnungsmarkt. „Nicht die Anzahl der Zimmer ist das primäre Problem, sondern die fehlenden Möglichkeiten einer bezahlbaren Unterbringung nach einem Aufenthalt im Frauenhaus“, erklärt der Pressesprecher. Das führe zu einer langen Verweildauer, Frauen müssten Plätze dauerhaft in Anspruch nehmen.	
10459	 'Neuerdings bietet der Frauennotruf auch Beratungsspaziergänge an für Klientinnen, die schon länger in Kontakt mit den Sozialpädagoginnen sind. „Walk and Talk“ nennt Trapp dieses Angebot, bei dem ein Gespräch im Gehen an der frischen Luft auch ohne Mundschutz stattfinden könne.	
8195	 'Das System, das am meisten missbräuchlich verwendet wird, ist ohne Frage das Handy. Jeder hat eines – heutzutage ist unser ganzes Leben damit verbunden. Wenn man an eher unkonventionelle Technologien denkt, sind das häufig jene, die sehr populär und erschwinglich sind.Jess Lowe Photography	
10820	 'Zustimmung kommt von der Gleichstellungsbeauftragten des Landes. Die Finanzierung sei so wie derzeit „nicht auskömmlich“, kritisiert Manuela Dörnenburg. Nach dem Koalitionsvertrag will die Landesregierung „Frauenhäuser, Frauenberatungsstellen, Zufluchtswohnungen erhalten und weiterentwickeln“. Wenn es aber nicht gelinge, die vorhandene Struktur in der Krise zu erhalten, müsse man „nicht darüber reden, sie auszubauen“, so Dörnenburg. Deshalb müsse die Finanzierung gesichert werden.	
2404	 'Somit stellt sich noch die Frage nach der völkerrechtlichen Beurteilung. Also darum, ob man es einfach hinnehmen muss, dass ein „Vertreter ohne Vertretungsmacht“ Verträge im Namen seines Volkes aufkündigen kann, die von solch grundlegender Bedeutung für das Land sind. Der deutsche Außenminister und Vorsitzende des Ministerkomitees des Europarates, Heiko Maas, und der Präsident der Parlamentarischen Versammlung, Rik Daems, haben sich der Erklärung der zuständigen Generalsekretärin, Marija Pejcinovic Buric, angeschlossen und ihr Bedauern zum Austritt der Türkei erklärt. Sie betonten dabei, dass die Konvention damals einstimmig vom türkischen Parlament angenommen, aber ohne deren Beteiligung aufgekündigt wurde.	
5709	 'Die registrierten Fälle häuslicher Gewalt haben in Baden-Württemberg in den letzten Jahren stetig zugenommen: 2019 zählte die Polizei 13\xa0048 Fälle, im Jahr 2011 waren es hingegen noch 10\xa0872 Taten, wie der Vorsitzende des Innenausschusses des Landtags, Karl Klein (CDU), am Mittwochabend in Stuttgart mitteilte. Dies ist ein Plus von 2176 Fällen. Die Zahl der Opfer sei im selben Zeitraum um 2180 Personen gestiegen. Während der Corona-Krise gab es demnach aber keine außergewöhnliche Zunahme registrierter Fälle.	
3739	" 'Als das Schreiben der Anwältin eingeht, nimmt das Amtsgericht Grevenbroich, dem die Kindesentführung und die Morddrohungen bekannt gewesen sein sollen, Kontakt zu Haydar A. auf. Er soll seine Sicht der Dinge schildern. Bis zum 31. Oktober. Haydar A. bestreitet die Vorwürfe und bedrängt seine Frau weiter. Am 18. Oktober ruft Shmsi A. erneut die Polizei. Die Anwältin teilt das dem Gericht mit, drängt auf eine schnellere Entscheidung. Die Richter aber ändern ihr Vorgehen nicht. Dann sticht Haydar A. zu. Einen Tag später, als Shmsi A. schwer verwundet im Krankenhaus liegt und nach Haydar A. gefahndet wird, beschließt das Amtsgericht den Gewaltschutz für Shmsi A. ""Ein Hohn"", sagt Cakir-Ceylan. Und: ""Hätte das Gericht so gehandelt, wie es müsste, dann hätte diese Tat vielleicht verhindert werden können."" Nur: Das Gericht hat genau so gehandelt, wie es musste. Und das ist das Problem."	
14897	 'Vor dem Gericht des Bezirks Fairfax im Bundesstaat Virginia erklärte die Psychologin, sie habe für ihr Gutachten unter anderem Gesundheitsakten und Audioaufnahmen geprüft und sei zweimal mit der Schauspielerin für Tests zusammengetroffen. Dabei sei sie auch zu dem Schluss gekommen, dass Heard wegen der Beziehung zu dem «Fluch der Karibik»-Star nicht an einer posttraumatischen Belastungsstörung leide. «Frau Heard litt nicht an PTBS, und es gab auch ziemlich deutliche Hinweise darauf, dass sie Symptome einer PTBS erheblich übertrieb, als sie danach gefragt wurde», sagte Curry.	
15127	 'Auch die Fakten, die bisher vorliegen, helfen Heard nicht. Sie hat eine Vorgeschichte. 2009 nahm die Polizei sie wegen eines vermeintlichen Angriffs auf ihre damalige Freundin fest, Anklage wurde allerdings nicht erhoben.	
18583	 'Sie verlangte einen verstärkten Dialog mit den Experten im Gewaltschutzbereich und ein Soforthilfepaket von fünf Millionen Euro für die Betroffenen. Weiters trat Heinisch-Hosek ein Mal mehr für Hochrisiko-Fallkonferenzen ein, die hoch gefährliche Fälle analysieren und beraten sollten.']	
19927	 'Dass die Justiz währen der Pandemie sehr verlangsamt funktioniert, kann dagegen zu einem Hindernis werden – auch wenn Justizministerin Nicole Belloubet versichert, die Verhandlung der Fälle häuslicher Gewalt und die richterliche Anordnung von Schutzmaßnahmen bleibe eine „Priorität“.	
2386	['Pauline Voss	
20283	 'Indes hatte Waltraud Kuhne, Sozialdezernentin der Kreisverwaltung in Neuruppin, vor einer Woche darauf verwiesen, dass die Zahl der gemeldeten Fälle von häuslicher Gewalt in Ostprignitz-Ruppin im Vergleich zum Vorjahr gesunken sei. av	
20702	 'Fisch gegen Sex	
6888	 'So sanken die Gewaltdelikte etwa in Sachsen von 317 auf 226 Fälle. Ein Grund war hier, dass die Zahlen im Vorjahr durch die rechten Chemnitz-Unruhen hochgeschnellt waren. Einzig Berlin registrierte einen deutlichen Zuwachs: von 309 auf 390 Taten – Höchststand seit Gründung des Projekts im Jahr 2001. Sabine Seyb vom dortigen Projekt ReachOut sprach von einer „Enttabuisierung und Enthemmung der Gewalt auf ausgegrenzte Bevölkerungsgruppen“. Dies zeige sich auch daran, dass vermehrt direkt Wohnräume angegriffen würden. Die Täter fühlten sich offenbar durch laufende rassistische Debatten oder einen institutionellen Rassismus der Behörden motiviert.	
23470	 'Interessierte Fördernehmer können sich seit heute um die Fördergelder bewerben. Weitere Details online unter:  \n                  ']	
12311	['Die Kriminalstatistik 2020 verzeichnet mehr politisch motivierte Kriminalität. Corona senkt die Wohnungseinbrüche und ist womöglich Ursache für mehr häusliche Gewalt.	
11886	['Ambulante Pflege und Betreuung. Beratungstelefon der Caritas unter _08171/983010 oder E-Mail: cs-geretsried@caritasmuenchen.de, Caritaszentrum, Graslitzer Straße 13.	
15719	 'Heute ist der Tag der Frauen. Schön wäre es, wenn 2018 zum Jahr der Frauen wird. Ich glaube daran. Denn die Zeit ist reif. Und die Vorschläge liegen auf dem Tisch. Für mehr Sicherheit für unsere Frauen. Für mehr Lohn. Für mehr Chancen.	
9912	" 'In der Nacht zum Montag startete die südafrikanische Sängerin Bongekile Simelane, Künstlername Babes Wodumo, ein Live-Video für ihre 1,5 Millionen Follower auf Instagram. Nach kurzer Zeit war zu sehen, wie sie ohne Eile ein paar Schritte von der Kamera wegging. Den Mann hinter sich schien sie nicht zu bemerken. Dieser nahm regelrecht Anlauf und schlug ihr mit voller Wucht ins Gesicht. ""Ungishaleyani?"", rief Simelane auf Zulu, was so viel wie ""Warum schlägst du mich?"" bedeutet. Die Antwort: ein weiterer Hieb."	
14649	 'Justizministerin Jacqueline Bernhardt (Linke) bemerkte dazu, dass nach wie vor überwiegend Frauen und Mädchen von häuslicher und sexualisierter Gewalt betroffen seien. Zudem gebe es bereits ein gut ausgebautes und funktionierendes Beratungs- und Hilfenetz in Mecklenburg-Vorpommern. Alle Einrichtungen - ausgenommen Frauenhäuser - würden unabhängig vom Geschlecht eines Hilfesuchenden beraten, unterstützen und helfen. Es bestehe zwar noch Handlungsbedarf, Männer und Jungen stärker in den Blick zu nehmen, man sei dabei aber schon auf gutem Weg.	
15331	 'Zudem gebe es 50 sogenannte Zweite-Stufe-Wohnungen mit rund 145 Plätzen für Frauen und ihre Kinder. Dort werden Frauen aufgenommen, die die engmaschige und umfassende Betreuung und Beratung eines Frauenhauses, also einer Schutzunterkunft, nicht mehr benötigen.	
17782	" '""Ich wünsche mir, dass alle Frauen ihre Feminität und ihren Körper feiern können""Dass sie für eine paritätische Besetzung politischer und wirtschaftlicher Gremien stimmen, dass sie sich für gleiche Bezahlung stark machen. Dass sie aber auch einschreiten, wenn sie sogenanntes Catcalling mitbekommen und als das Geißeln was es ist: verbale sexuelle Belästigung. Dass Femizide und misogyne Gewalt auch von Männern laut und deutlich verurteilt werden!"	
13351	 'Mittwoch, 24. November	
5971	 '\nKlicken Sie, um das Bild zu sehen \n	
4400	['Rebekka Haefeli	
17596	" 'Hier sieht die Polizei schon einen Zuwachs der Fallzahlen bei Kindern (von 17 auf 34) und Jugendlichen (von 67 auf 83). Als Gründe vermutet die Polizei die Ausfälle von Schule und anderen Freizeitaktivitäten. Insgesamt gab es 1920 Fälle. Nur jeder fünfte Fall wird aufgeklärt. ""Es handelt sich um schwer aufklärbare Delikte, oft ohne Zeugen oder ein großartiges Spurenbild"", sagt Weimann."	
13498	 '„Wir setzen damit ein klares Zeichen gegen Gewalt an Frauen und zeigen, dass wir die betroffenen Frauen nicht allein lassen, sondern ihnen immer und überall den Rücken stärken“, sagt Rempe. „Wir alle sind aufgerufen, nicht wegzusehen, sondern deutlich zu machen, dass Gewalt gegen Frauen in jeder Form inakzeptabel ist“, betont der Landrat. Er erinnert daran, dass Gewalt gegen Frauen viele Erscheinungsformen hat – von häuslicher Gewalt über die sexuelle Belästigung von Frauen am Arbeitsplatz bis hin zu Stalking.	
7305	" 'Hilbert verwies darauf, dass neben den 80 zugelassenen Teilnehmern auch Polizisten und mutmaßliche Gegendemonstranten vor Ort sein dürften. Das Ordnungsamt begrenzte die Demo auf eine Dauer von 30 Minuten. Pegida hatte am Sonntag im Internet bekanntgeben, nach ""konstruktiver Abstimmung mit der Versammlungsbehörde und dem Gesundheitsamt"" eine Sondergenehmigung bekommen zu haben. Nach der sächsischen Corona-Schutz- Verordnung sind Ansammlungen untersagt, allerdings können Ausnahmegenehmigungen erteilt werden. Pegida ist ein Sammelbecken rassistischer und völkische Kräfte, auch der radikal rechte AfD-Politiker Björn Höcke trat schon bei den montäglichen Veranstaltungen auf. Anführer Lutz Bachmann wird von Verfassungsschutz-Chef Thomas Haldenwang ebenso wie Höcke als ""Rechtsextremist"" bezeichnet."	
10290	" 'Heute seien die zehn Plätze für Frauen und sieben Plätze für Kinder oft ausgebucht, heisst es im Vorstoss. Akut gewaltbetroffene Frauen müssten deswegen oft abgewiesen werden, mahnte die Ratslinke. Ein internationales Abkommen ergebe für das bikantonale Frauenhaus ein Soll von 49 Plätzen; nötig seien also zusätzliche 32 Plätze."	
1743	 'Die Kampagne der Konferenz der Kantonalen Sozialdirektorinnen und Sozialdirektoren (SODK) und des Eidgenössischen Büros für die Gleichstellung von Frau und Mann (EBG) richtet sich zum einen gezielt an jugendliche Opfer elterlicher Gewalt und zum anderen an Erwachsene und ältere Menschen, die von häuslicher Gewalt betroffen sind. Dies geht aus einer Mitteilung des Bundes vom Mittwoch hervor.	
3588	 'In Genf, Athen und Madrid beteiligten sich hunderte meist weibliche Demonstranten an den Kundgebungen. Der Protestmarsch in der spanischen Hauptstadt am Samstagabend wurde von lautem Trommeln begleitet. In vielen Städten gingen die Proteste am Sonntag weiter. In Spanien, darunter in Madrid, Barcelona, Sevilla, Valencia, Bilbao oder Pamplona ging die Zahl der Teilnehmerinnen erneut in die Tausende.	
18132	['Ich bin ein bisschen erschöpft. Aufklärungsfatigue, Rebellionsdepression, nennen Sie es, wie Sie wollen. Fünf Monate Gespräche und Interviews zum Thema „Häusliche Gewalt“ mit den immer gleichen Fragen, dem gleichen, ungläubigen Erstaunen, den üblichen Anmerkungen und den immer aufs Neue heruntergeleierten Uralt-Mythen, es ist kaum auszuhalten.	
11606	 'Die Nachricht vom Anfang ist Bestandteil dieses Coachings. An dem fiktiven Beispiel sollen Berater:innen lernen, wie man im Chat kurzfristig helfen kann, selbst bei psychischen Problemen. Entstanden ist das Start-up im Homeoffice, während des ersten Lockdowns. Dann musste es schnell gehen. „Wir haben das Flugzeug quasi beim Fliegen gebaut“, sagt Eckert. Finanziert wird das Projekt nach eigenen Angaben aus privaten Mitteln, „ein bisschen Crowdfunding“ und von Kooperationspartnern wie der Barmer Krankenkasse.	
9038	['Auf Instagram spricht die ehemalige DSDS-Teilnehmerin über ihre Erfahrungen mit häuslicher Gewalt und verrät, wie sie den Absprung von ihrem gewalttätigen Ex-Freund schaffte.	
8909	['Eine stattliche Summe von 31 225,55 Euro hat sich bis zum Ende des vergangenen Jahres in der Sterntaler-Kasse angesammelt.	
15239	" 'Der Schriftstellerverband PEN-Deutschland hat nach dem überraschenden Rücktritt seines bisherigen Präsidenten Deniz Yücel einen Notvorstand gewählt. Die im thüringischen Gotha tagende Mitgliederversammlung stimmte mit großer Mehrheit für den österreichischen Schriftsteller Josef Haslinger als Interims-Präsidenten. Er soll die Neuwahl eines Präsidiums vorbereiten, die ""in einigen Monaten"" stattfinden werde. Nach einer turbulenten Sitzung, in dessen Zuge WELT-Autor Yücel zunächst knapp im Amt als Präsident bestätigt worden war, dann aber selbst zurück- und aus dem Verband austrat, war auch der verbliebene Vorstand zurückgetreten. Hintergrund ist ein Streit im bisherigen Vorstand sowie Kritik am Führungsstil einzelner Vorstandsmitglieder. Die Hintergründe lesen Sie auf ."	
12090	 'Waller-Krappen: Man muss der betroffenen Person ja die Zeit geben, sich Rechtsschutz zu suchen.	
7217	 'Und Sie betonen das, weil das viele Menschen nicht sehen?	
22289	 '«Schon heute darf sich ein Mann nicht über das Nein einer Frau hinwegsetzen.»	
4845	 'Basiswissen auch für nicht Betroffene bieten drei Expertinnen: Ingrid Röhling, vom Ordnungsamt Leonberg informiert über Wohnungsverweis und e rechtliche Möglichkeiten. Karin Zimmermann berichtet über die Beratungsstelle bei häuslicher Gewalt „Frauen helfen Frauen“. Monika Becker, die Leiterin der Beratungsstelle gegen sexuelle Gewalt „Thamar“, stellt das Angebot von Thamar vor und berichtet über den Stand eines neuen Frauen- und Kinderschutzhauses für den Kreis Böblingen. Der Eintritt ist frei. arno']	
503	" 'Sie haben zirka 18 Jahre Beziehungsleben hinter sich mit wechselnden, unpassenden Partnern. Sie schreiben selber, Sie können ""schlechte Beziehungen echt gut"". Wieso haben Sie aus negativer Erfahrung nicht gelernt?"	
22790	 'Ein Mann habe ihm beispielsweise gesagt, es sei „nur noch eine Frage der Zeit, bis Blut spritzt.“ Im Ernstfall müssen solche Paare an andere Beratungsstellen verwiesen werden. Zum Glück sind das die seltensten Fälle. Rund zwei Drittel der Teilnehmer können die Gewalt laut Marcel Kruse erfolgreich beenden, sei es durch eine erfolgreiche Therapie oder durch Trennung. Nur das letzte Drittel beendet die Beratung vorzeitig. Seine Erfahrungen ermutigen Kruse, weiterzumachen: „Man sagt ja oft: Wer einmal schlägt, schlägt immer wieder. Ich bin jedes Mal froh, wenn ein Paar das Gegenteil beweist.“	
11218	 'Gäbe es weniger Gewalt, wenn die Gesellschaft mit Frauenfreundlicher wäre?	
12825	 'Derzeit prüfen die Kantone, ob Personen, die bereits Opfer häuslicher Gewalt wurden, im Rahmen eines Pilotprojektes auf Wunsch ein Notfallknopf zur Verfügung gestellt werden kann. Dieser soll über ein speziell angepasstes Mobiltelefon, eine App oder die Smartwatch laufen. Geplant ist ausserdem eine zentrale Telefonnummer für die Opferhilfe.Und ab nächstem Jahr können im Kanton Zürich bei Stalkern und Gewalttätern elektronische Fussfesseln eingesetzt werden, um festzustellen, wo sie sich aufhalten. Früher sei Frauen oft nichts anderes übrig geblieben, als in einem Frauenhaus Schutz zu suchen, sagt Gloor. «Die Frauen wurden eingeschränkt, nicht die Gewalt ausübenden Männer.» Heute sei das anders. «Es hat ein Paradigmenwechsel stattgefunden.»	
21666	 'Zum x-ten mal erklärt man das Virus, seine Verbreitungswege und warum es so wichtig ist, auf Distanz zu gehen. „Als ob das jetzt interessant wäre…“ hört man das Gegenüber nölen. Doch, ist es, hat es zu sein, hält man verärgert gegen. Hat aber gleichzeitig Verständnis, schließlich war man selbst mal 15. Artikelkarussell Corona-Koller	
7554	 '„Wir stehen ganz am Anfang der Verhandlungen“, betont Lisa Kappes-Sassano, die Leiterin der Caritas Fils-Neckar-Alb. „Zunächst wird versucht, Fördermittel über Bundesprogramme zu akquirieren.“ Denn das Gebäude, das der Verband langfristig anmieten will, müsste erst noch barrierefrei umgebaut werden. Einen Großteil der Investitionskosten könnte die öffentliche Hand übernehmen. Eine Förderanfrage beim Bund wurde laut Eininger fristgerecht Anfang April dieses Jahres gestellt, die Antwort wird in diesen Tagen erwartet. Bei einer positiven Rückmeldung könne die Caritas den Förderantrag bis spätestens 31. März nächsten Jahres einreichen. Kappes-Sassano schätzt, dass mit der Eröffnung des Hauses frühestens 2024 zu rechnen ist.']	
4152	 'Die Kantonspolizei nimmt zu den Vorwürfen nicht Stellung. Das tut dafür ihr oberster Chef, Regierungsrat Mario Fehr. Von Versagen könne keine Rede sein. «Wir machen immer alles Menschenmögliche.»	
21755	 'Hilfe für Opfer häuslicher Gewalt	
18798	 'Es ist evident, dass Männer, die aus patriarchal geprägten Kulturen kommen, in denen Frauen untergeordnet sind, eine andere Vorstellung von Gewalt haben.	
11598	 'Der Kreis Segeberg hat im Dezember 2020 die Finanzierung von fünf weiteren Plätzen bis Ende 2021 bewilligt. „Die Nachfrage ist immer hoch, und jetzt in der Pandemie steigt sie noch einmal stark an“, sagt Claudia Meyer, Gleichstellungsbeauftragte der Stadt. Mit dem Frauenhaus arbeitet sie eng zusammen und weiß über die bestehenden Nöte: „Hier und da werden zusätzliche Mittel zur Verfügung gestellt, aber das Frauenhaus braucht unbedingt dauerhaft mehr finanzielle Unterstützung. Das Frauenhaus hat gerade erst öffentlich um Spenden gebeten, um das Projekt ‚Männlich geht anders‘ weiterführen zu können.“ Es könnte nicht sein, dass beispielsweise die so wichtige und erfolgreiche Betreuung der Jungen durch eine männliche Fachkraft, die dazu auch noch eine Vorbildfunktion hat, in dieser Krise von Spenden abhängig ist, so die Gleichstellungsbeauftragte. HA	
12044	 'Zwölf ehrenamtliche Mitarbeiter, von denen wie der Außenstellenleiter viele früher für die Polizei tätig waren, arbeiten im Kreis für den Weißen Ring. Zwei Mitarbeiter sehen ihre Hauptaufgabe in der Prävention. Diese lag jedoch 2020 wegen der Pandemiebeschränkungen teilweise brach. Auch die persönlichen Kontakte zwischen den Hilfesuchenden und den Opferhelfern konnten nicht wie gewohnt erfolgen. Laut Kleinig wurde das persönliche Treffen durch Telefongespräche oder Mail- sowie Messengerkontakte ersetzt, die Betreuung der Klienten habe aber nicht gelitten.	
18503	 'Wenn Sozialwissenschaftler eines Tages ihre Arbeiten über die Proteste in Belarus schreiben, werden sie auf die Frauen schauen müssen. Es war eine Frau, die Lukaschenko herausgefordert hat – Swetlana Tichanowskaja kandidierte anstelle ihres verhafteten Mannes und wurde sogar zugelassen, weil man sie nicht ernst nahm, sie war ja »nur« eine Frau. Zwei weitere Ehefrauen nicht zugelassener Kandidaten sprangen Tichanowskaja bei und einten die Oppositionskräfte. Und nun sind es die Frauen, die immer wieder die Proteste schützen, wenn Gewalt droht.	
8873	 '']	
22249	 'Die Zahlen sind alarmierend: Allein im Jahr 2018 starben in der Schweiz 24 Frauen und 3 Männer infolge häuslicher Gewalt. Zudem gab es 52 versuchte Tötungen. Justizministerin Karin Keller-Sutter will nun stärker eingreifen. «Ich bin nicht bereit, solche Taten einfach so hinzunehmen», sagt sie im BaZ-Interview zum Jahreswechsel. Die FDP-Bundesrätin will deshalb bei einem verfügten Kontaktverbot in Fällen häuslicher Gewalt nicht nur den Täter mit einer elektronischen Fussfessel ausstatten. Auch das Opfer soll überwachungstechnisch ausgerüstet werden. «Es hätte eine Art Tracker, der einen Alarm auslöst, wenn sich der Gefährder nähert. Das Opfer könnte sich dann entfernen und die Polizei verständigen.» Keller-Sutter sieht darin eine Alternative zur Echtzeitüberwachung, welche die Kantone ablehnen, weil sie zu aufwendig und teuer ist.	
13574	 'Häusliche Gewalt sowie Morde an Frauen sind ein großes Problem in der Türkei. Obwohl sich die juristischen Bedingungen für Opfer nach Angaben von Frauenrechtsaktivistinnen zuletzt verbessert haben, kommen die Taten weiterhin nur selten vor Gericht. Aktivistinnen machen dafür die patriarchalen Strukturen der Gesellschaft verantwortlich.	
2085	 'Nach der Einvernahme ging Ammann erschöpft und früh ins Bett. Mitten in der Nacht weckte ihn Lärm vor der Tür. Als er öffnete, stürmte die Polizei die Wohnung. «Sie setzen sich ins Wohnzimmer und verhalten sich ruhig», habe einer der Polizisten ihn angeschrien. Später stellten sie fest, dass es ein Fehlalarm war, und zogen ab. Offenbar hatte seine Frau versehentlich eine Freundin angerufen, sei aber bei den Rückrufen nicht rangegangen. «Und die Schlussfolgerung war, dass ich, der Frauenschläger, sie gerade verprügle.» Da war für Ammann klar: So wollte er nicht weiterleben.	
18636	 'Körperliche Gewalt vor allem an Grundschulen Über das Internet diffamiert, belästigt, bedrängt, bedroht oder genötigt wurden Lehrkräfte an 32 Prozent der Schulen, wieder sind die vom VBE als Haupt-, Real- und Gesamtschulen bezeichneten Schulformen dabei führend (an Grundschulen waren es 20 Prozent, an Gymnasien 46 Prozent). 2018 lag der Durchschnittswert auch hierbei mit 20 Prozent deutlich niedriger.	
4104	 'Solche sogenannten Femizide sorgen für Empörung, aber die allermeisten Taten in den eigenen vier Wänden sorgen nicht für grosse Medienberichte. Sie bleiben der Öffentlichkeit verborgen. Die Zahlen jedoch sind alarmierend: Im vergangenen Jahr kam es im Kanton Zürich zu rund 5300 Einsätzen – täglich musste die Polizei also fast 15 Mal wegen häuslicher Gewalt ausrücken. Auch die Zahl der registrierten Fälle hat deutlich zugenommen. Gegenüber dem Vorjahr stieg 2018 die Zahl der Strafanzeigen um 15 Prozent.	
8807	 'Die schottische Regierungschefin Nicola Sturgeon (50) hat sich für einen Verstoß gegen die Corona-Regeln entschuldigt. Sie hatte sich am Rande einer Beerdigung in Edinburgh zwar mit Abstand, aber ohne Mund-Nase-Schutz mit drei Frauen unterhalten. In Schottland ist das Tragen einer Maske in Gaststätten vorgeschrieben, außer am Sitzplatz. „Das war ein dummer Fehler, und es tut mir wirklich leid“, sagte Sturgeon am Dienstagabend. Die Zeitung The Scottish Sun hatte ein Foto der Szene vom Freitag veröffentlicht. „Ich spreche jeden Tag über die Wichtigkeit, Masken zu tragen. Ich habe falsch gehandelt, ich ärgere mich über mich selbst“, betonte Sturgeon. Die Strafe für solche Verstöße beträgt 60 Pfund (66 Euro), die sich im Wiederholungsfall vervielfacht. 	